{ "columns":50,
 "image":"..\/..\/out\/images\/tilesets\/furniture.png",
 "imageheight":1200,
 "imagewidth":1200,
 "margin":0,
 "name":"furniture",
 "spacing":0,
 "tilecount":2500,
 "tiledversion":"1.9.2",
 "tileheight":24,
 "tiles":[
        {
         "id":1,
         "properties":[
                {
                 "name":"brokenID",
                 "type":"int",
                 "value":51
                }, 
                {
                 "name":"destructibleID",
                 "type":"string",
                 "value":"bedPink"
                }, 
                {
                 "name":"destructibleNoise",
                 "type":"string",
                 "value":"cloth"
                }, 
                {
                 "name":"indicatorXOffset",
                 "type":"int",
                 "value":14
                }, 
                {
                 "name":"indicatorYOffset",
                 "type":"int",
                 "value":-15
                }]
        }, 
        {
         "id":2,
         "properties":[
                {
                 "name":"brokenID",
                 "type":"int",
                 "value":52
                }, 
                {
                 "name":"destructibleID",
                 "type":"string",
                 "value":"bedPink"
                }, 
                {
                 "name":"destructibleNoise",
                 "type":"string",
                 "value":"wood"
                }]
        }, 
        {
         "id":3,
         "properties":[
                {
                 "name":"uninteractable",
                 "type":"bool",
                 "value":true
                }]
        }, 
        {
         "id":6,
         "properties":[
                {
                 "name":"brokenID",
                 "type":"int",
                 "value":106
                }, 
                {
                 "name":"destructibleID",
                 "type":"string",
                 "value":"couchBlue1"
                }, 
                {
                 "name":"uninteractable",
                 "type":"bool",
                 "value":true
                }]
        }, 
        {
         "id":7,
         "properties":[
                {
                 "name":"uninteractable",
                 "type":"bool",
                 "value":true
                }]
        }, 
        {
         "id":9,
         "properties":[
                {
                 "name":"brokenID",
                 "type":"int",
                 "value":109
                }, 
                {
                 "name":"destructibleID",
                 "type":"string",
                 "value":"computerPink"
                }, 
                {
                 "name":"uninteractable",
                 "type":"bool",
                 "value":true
                }]
        }, 
        {
         "id":10,
         "properties":[
                {
                 "name":"brokenID",
                 "type":"int",
                 "value":110
                }, 
                {
                 "name":"destructibleID",
                 "type":"string",
                 "value":"computer1"
                }, 
                {
                 "name":"uninteractable",
                 "type":"bool",
                 "value":true
                }]
        }, 
        {
         "id":12,
         "properties":[
                {
                 "name":"brokenID",
                 "type":"int",
                 "value":112
                }, 
                {
                 "name":"destructibleID",
                 "type":"string",
                 "value":"computerRed"
                }, 
                {
                 "name":"uninteractable",
                 "type":"bool",
                 "value":true
                }]
        }, 
        {
         "id":14,
         "properties":[
                {
                 "name":"brokenID",
                 "type":"int",
                 "value":114
                }, 
                {
                 "name":"destructibleID",
                 "type":"string",
                 "value":"computerWhite"
                }, 
                {
                 "name":"uninteractable",
                 "type":"bool",
                 "value":true
                }]
        }, 
        {
         "id":16,
         "properties":[
                {
                 "name":"brokenID",
                 "type":"int",
                 "value":116
                }, 
                {
                 "name":"destructibleID",
                 "type":"string",
                 "value":"computerBlack"
                }, 
                {
                 "name":"uninteractable",
                 "type":"bool",
                 "value":true
                }]
        }, 
        {
         "id":17,
         "properties":[
                {
                 "name":"brokenID",
                 "type":"int",
                 "value":18
                }, 
                {
                 "name":"destructibleID",
                 "type":"string",
                 "value":"deskChair1"
                }, 
                {
                 "name":"destructibleNoise",
                 "type":"string",
                 "value":"wood"
                }, 
                {
                 "name":"indicatorXOffset",
                 "type":"int",
                 "value":8
                }, 
                {
                 "name":"indicatorYOffset",
                 "type":"int",
                 "value":-13
                }]
        }, 
        {
         "id":52,
         "properties":[
                {
                 "name":"destructibleNoise",
                 "type":"string",
                 "value":"wood"
                }]
        }, 
        {
         "id":53,
         "properties":[
                {
                 "name":"brokenID",
                 "type":"int",
                 "value":103
                }, 
                {
                 "name":"destructibleID",
                 "type":"string",
                 "value":"couchPink"
                }, 
                {
                 "name":"destructibleNoise",
                 "type":"string",
                 "value":"cloth"
                }, 
                {
                 "name":"indicatorXOffset",
                 "type":"int",
                 "value":14
                }, 
                {
                 "name":"indicatorYOffset",
                 "type":"int",
                 "value":-12
                }]
        }, 
        {
         "id":54,
         "properties":[
                {
                 "name":"brokenID",
                 "type":"int",
                 "value":104
                }, 
                {
                 "name":"destructibleID",
                 "type":"string",
                 "value":"couchPink"
                }, 
                {
                 "name":"destructibleNoise",
                 "type":"string",
                 "value":"cloth"
                }]
        }, 
        {
         "id":55,
         "properties":[
                {
                 "name":"brokenID",
                 "type":"int",
                 "value":155
                }, 
                {
                 "name":"destructibleID",
                 "type":"string",
                 "value":"couchWhite1"
                }, 
                {
                 "name":"destructibleNoise",
                 "type":"string",
                 "value":"cloth"
                }, 
                {
                 "name":"indicatorXOffset",
                 "type":"int",
                 "value":14
                }, 
                {
                 "name":"indicatorYOffset",
                 "type":"int",
                 "value":-12
                }]
        }, 
        {
         "id":56,
         "properties":[
                {
                 "name":"brokenID",
                 "type":"int",
                 "value":156
                }, 
                {
                 "name":"destructibleID",
                 "type":"string",
                 "value":"couchWhite1"
                }, 
                {
                 "name":"destructibleNoise",
                 "type":"string",
                 "value":"cloth"
                }]
        }, 
        {
         "id":57,
         "properties":[
                {
                 "name":"brokenID",
                 "type":"int",
                 "value":157
                }, 
                {
                 "name":"destructibleID",
                 "type":"string",
                 "value":"couchBlack1"
                }, 
                {
                 "name":"destructibleNoise",
                 "type":"string",
                 "value":"cloth"
                }, 
                {
                 "name":"indicatorXOffset",
                 "type":"int",
                 "value":14
                }, 
                {
                 "name":"indicatorYOffset",
                 "type":"int",
                 "value":-12
                }]
        }, 
        {
         "id":58,
         "properties":[
                {
                 "name":"brokenID",
                 "type":"int",
                 "value":158
                }, 
                {
                 "name":"destructibleID",
                 "type":"string",
                 "value":"couchBlack1"
                }, 
                {
                 "name":"destructibleNoise",
                 "type":"string",
                 "value":"cloth"
                }]
        }, 
        {
         "id":59,
         "properties":[
                {
                 "name":"brokenID",
                 "type":"int",
                 "value":159
                }, 
                {
                 "name":"destructibleID",
                 "type":"string",
                 "value":"computerPink"
                }, 
                {
                 "name":"destructibleNoise",
                 "type":"string",
                 "value":"electronic"
                }, 
                {
                 "name":"indicatorXOffset",
                 "type":"int",
                 "value":14
                }, 
                {
                 "name":"indicatorYOffset",
                 "type":"int",
                 "value":-19
                }]
        }, 
        {
         "id":60,
         "properties":[
                {
                 "name":"brokenID",
                 "type":"int",
                 "value":160
                }, 
                {
                 "name":"destructibleID",
                 "type":"string",
                 "value":"computerPink"
                }, 
                {
                 "name":"destructibleNoise",
                 "type":"string",
                 "value":"electronic"
                }]
        }, 
        {
         "id":61,
         "properties":[
                {
                 "name":"brokenID",
                 "type":"int",
                 "value":161
                }, 
                {
                 "name":"destructibleID",
                 "type":"string",
                 "value":"computerRed"
                }, 
                {
                 "name":"destructibleNoise",
                 "type":"string",
                 "value":"electronic"
                }, 
                {
                 "name":"indicatorXOffset",
                 "type":"int",
                 "value":14
                }, 
                {
                 "name":"indicatorYOffset",
                 "type":"int",
                 "value":-19
                }]
        }, 
        {
         "id":62,
         "properties":[
                {
                 "name":"brokenID",
                 "type":"int",
                 "value":162
                }, 
                {
                 "name":"destructibleID",
                 "type":"string",
                 "value":"computerRed"
                }, 
                {
                 "name":"destructibleNoise",
                 "type":"string",
                 "value":"electronic"
                }]
        }, 
        {
         "id":63,
         "properties":[
                {
                 "name":"brokenID",
                 "type":"int",
                 "value":163
                }, 
                {
                 "name":"destructibleID",
                 "type":"string",
                 "value":"computerWhite"
                }, 
                {
                 "name":"destructibleNoise",
                 "type":"string",
                 "value":"electronic"
                }, 
                {
                 "name":"indicatorXOffset",
                 "type":"int",
                 "value":14
                }, 
                {
                 "name":"indicatorYOffset",
                 "type":"int",
                 "value":-19
                }]
        }, 
        {
         "id":64,
         "properties":[
                {
                 "name":"brokenID",
                 "type":"int",
                 "value":164
                }, 
                {
                 "name":"destructibleID",
                 "type":"string",
                 "value":"computerWhite"
                }, 
                {
                 "name":"destructibleNoise",
                 "type":"string",
                 "value":"electronic"
                }]
        }, 
        {
         "id":65,
         "properties":[
                {
                 "name":"brokenID",
                 "type":"int",
                 "value":165
                }, 
                {
                 "name":"destructibleID",
                 "type":"string",
                 "value":"computerBlack"
                }, 
                {
                 "name":"destructibleNoise",
                 "type":"string",
                 "value":"electronic"
                }, 
                {
                 "name":"indicatorXOffset",
                 "type":"int",
                 "value":14
                }, 
                {
                 "name":"indicatorYOffset",
                 "type":"int",
                 "value":-19
                }]
        }, 
        {
         "id":66,
         "properties":[
                {
                 "name":"brokenID",
                 "type":"int",
                 "value":166
                }, 
                {
                 "name":"destructibleID",
                 "type":"string",
                 "value":"computerBlack"
                }, 
                {
                 "name":"destructibleNoise",
                 "type":"string",
                 "value":"electronic"
                }]
        }, 
        {
         "id":67,
         "properties":[
                {
                 "name":"brokenID",
                 "type":"int",
                 "value":68
                }, 
                {
                 "name":"destructibleID",
                 "type":"string",
                 "value":"deskChair2"
                }, 
                {
                 "name":"destructibleNoise",
                 "type":"string",
                 "value":"wood"
                }, 
                {
                 "name":"indicatorXOffset",
                 "type":"int",
                 "value":8
                }, 
                {
                 "name":"indicatorYOffset",
                 "type":"int",
                 "value":-13
                }]
        }, 
        {
         "id":100,
         "properties":[
                {
                 "name":"brokenID",
                 "type":"int",
                 "value":300
                }, 
                {
                 "name":"destructibleID",
                 "type":"string",
                 "value":"bedBlue1"
                }, 
                {
                 "name":"destructibleNoise",
                 "type":"string",
                 "value":"cloth"
                }]
        }, 
        {
         "id":101,
         "properties":[
                {
                 "name":"brokenID",
                 "type":"int",
                 "value":201
                }, 
                {
                 "name":"destructibleID",
                 "type":"string",
                 "value":"bedRed"
                }, 
                {
                 "name":"destructibleNoise",
                 "type":"string",
                 "value":"cloth"
                }]
        }, 
        {
         "id":102,
         "properties":[
                {
                 "name":"brokenID",
                 "type":"int",
                 "value":202
                }, 
                {
                 "name":"destructibleID",
                 "type":"string",
                 "value":"bedRed"
                }, 
                {
                 "name":"destructibleNoise",
                 "type":"string",
                 "value":"cloth"
                }]
        }, 
        {
         "id":106,
         "properties":[
                {
                 "name":"uninteractable",
                 "type":"bool",
                 "value":true
                }]
        }, 
        {
         "id":107,
         "properties":[
                {
                 "name":"brokenID",
                 "type":"int",
                 "value":157
                }, 
                {
                 "name":"destructibleID",
                 "type":"string",
                 "value":"couchBlack2"
                }, 
                {
                 "name":"destructibleNoise",
                 "type":"string",
                 "value":"cloth"
                }, 
                {
                 "name":"indicatorXOffset",
                 "type":"int",
                 "value":14
                }, 
                {
                 "name":"indicatorYOffset",
                 "type":"int",
                 "value":-12
                }]
        }, 
        {
         "id":108,
         "properties":[
                {
                 "name":"brokenID",
                 "type":"int",
                 "value":158
                }, 
                {
                 "name":"destructibleID",
                 "type":"string",
                 "value":"couchBlack2"
                }, 
                {
                 "name":"destructibleNoise",
                 "type":"string",
                 "value":"cloth"
                }]
        }, 
        {
         "id":117,
         "properties":[
                {
                 "name":"brokenID",
                 "type":"int",
                 "value":118
                }, 
                {
                 "name":"destructibleID",
                 "type":"string",
                 "value":"deskChair3"
                }, 
                {
                 "name":"destructibleNoise",
                 "type":"string",
                 "value":"wood"
                }, 
                {
                 "name":"indicatorXOffset",
                 "type":"int",
                 "value":8
                }, 
                {
                 "name":"indicatorYOffset",
                 "type":"int",
                 "value":-13
                }]
        }, 
        {
         "id":150,
         "properties":[
                {
                 "name":"brokenID",
                 "type":"int",
                 "value":350
                }, 
                {
                 "name":"destructibleID",
                 "type":"string",
                 "value":"bedBlue1"
                }, 
                {
                 "name":"destructibleNoise",
                 "type":"string",
                 "value":"cloth"
                }, 
                {
                 "name":"indicatorXOffset",
                 "type":"int",
                 "value":14
                }, 
                {
                 "name":"indicatorYOffset",
                 "type":"int",
                 "value":-15
                }]
        }, 
        {
         "id":151,
         "properties":[
                {
                 "name":"brokenID",
                 "type":"int",
                 "value":251
                }, 
                {
                 "name":"destructibleID",
                 "type":"string",
                 "value":"bedRed"
                }, 
                {
                 "name":"destructibleNoise",
                 "type":"string",
                 "value":"cloth"
                }, 
                {
                 "name":"indicatorXOffset",
                 "type":"int",
                 "value":14
                }, 
                {
                 "name":"indicatorYOffset",
                 "type":"int",
                 "value":-15
                }]
        }, 
        {
         "id":152,
         "properties":[
                {
                 "name":"brokenID",
                 "type":"int",
                 "value":252
                }, 
                {
                 "name":"destructibleID",
                 "type":"string",
                 "value":"bedRed"
                }, 
                {
                 "name":"destructibleNoise",
                 "type":"string",
                 "value":"cloth"
                }]
        }, 
        {
         "id":153,
         "properties":[
                {
                 "name":"brokenID",
                 "type":"int",
                 "value":253
                }, 
                {
                 "name":"destructibleID",
                 "type":"string",
                 "value":"chairPink1"
                }, 
                {
                 "name":"destructibleNoise",
                 "type":"string",
                 "value":"cloth"
                }, 
                {
                 "name":"indicatorXOffset",
                 "type":"int",
                 "value":8
                }, 
                {
                 "name":"indicatorYOffset",
                 "type":"int",
                 "value":-13
                }]
        }, 
        {
         "id":154,
         "properties":[
                {
                 "name":"brokenID",
                 "type":"int",
                 "value":253
                }, 
                {
                 "name":"destructibleID",
                 "type":"string",
                 "value":"chairPink2"
                }, 
                {
                 "name":"destructibleNoise",
                 "type":"string",
                 "value":"cloth"
                }, 
                {
                 "name":"indicatorXOffset",
                 "type":"int",
                 "value":8
                }, 
                {
                 "name":"indicatorYOffset",
                 "type":"int",
                 "value":-13
                }]
        }, 
        {
         "id":167,
         "properties":[
                {
                 "name":"brokenID",
                 "type":"int",
                 "value":168
                }, 
                {
                 "name":"destructibleID",
                 "type":"string",
                 "value":"deskChair4"
                }, 
                {
                 "name":"indicatorXOffset",
                 "type":"int",
                 "value":8
                }, 
                {
                 "name":"indicatorYOffset",
                 "type":"int",
                 "value":-13
                }]
        }, 
        {
         "id":200,
         "properties":[
                {
                 "name":"brokenID",
                 "type":"int",
                 "value":300
                }, 
                {
                 "name":"destructibleID",
                 "type":"string",
                 "value":"bedBlue2"
                }, 
                {
                 "name":"destructibleNoise",
                 "type":"string",
                 "value":"cloth"
                }]
        }, 
        {
         "id":201,
         "properties":[
                {
                 "name":"destructibleNoise",
                 "type":"string",
                 "value":"cloth"
                }]
        }, 
        {
         "id":202,
         "properties":[
                {
                 "name":"destructibleNoise",
                 "type":"string",
                 "value":"cloth"
                }]
        }, 
        {
         "id":203,
         "properties":[
                {
                 "name":"brokenID",
                 "type":"int",
                 "value":253
                }, 
                {
                 "name":"destructibleID",
                 "type":"string",
                 "value":"chairPink3"
                }, 
                {
                 "name":"destructibleNoise",
                 "type":"string",
                 "value":"cloth"
                }, 
                {
                 "name":"indicatorXOffset",
                 "type":"int",
                 "value":8
                }, 
                {
                 "name":"indicatorYOffset",
                 "type":"int",
                 "value":-13
                }]
        }, 
        {
         "id":204,
         "properties":[
                {
                 "name":"brokenID",
                 "type":"int",
                 "value":254
                }, 
                {
                 "name":"destructibleID",
                 "type":"string",
                 "value":"chairPink4"
                }, 
                {
                 "name":"destructibleNoise",
                 "type":"string",
                 "value":"cloth"
                }, 
                {
                 "name":"indicatorXOffset",
                 "type":"int",
                 "value":8
                }, 
                {
                 "name":"indicatorYOffset",
                 "type":"int",
                 "value":-13
                }]
        }, 
        {
         "id":205,
         "properties":[
                {
                 "name":"destructibleNoise",
                 "type":"string",
                 "value":"cloth"
                }]
        }, 
        {
         "id":206,
         "properties":[
                {
                 "name":"destructibleNoise",
                 "type":"string",
                 "value":"cloth"
                }]
        }, 
        {
         "id":207,
         "properties":[
                {
                 "name":"destructibleNoise",
                 "type":"string",
                 "value":"cloth"
                }]
        }, 
        {
         "id":208,
         "properties":[
                {
                 "name":"destructibleNoise",
                 "type":"string",
                 "value":"cloth"
                }]
        }, 
        {
         "id":209,
         "properties":[
                {
                 "name":"uninteractable",
                 "type":"bool",
                 "value":true
                }]
        }, 
        {
         "id":211,
         "properties":[
                {
                 "name":"uninteractable",
                 "type":"bool",
                 "value":true
                }]
        }, 
        {
         "id":212,
         "properties":[
                {
                 "name":"uninteractable",
                 "type":"bool",
                 "value":true
                }]
        }, 
        {
         "id":213,
         "properties":[
                {
                 "name":"brokenID",
                 "type":"int",
                 "value":214
                }, 
                {
                 "name":"destructibleID",
                 "type":"string",
                 "value":"fridgeWide1"
                }, 
                {
                 "name":"uninteractable",
                 "type":"bool",
                 "value":true
                }]
        }, 
        {
         "id":214,
         "properties":[
                {
                 "name":"uninteractable",
                 "type":"bool",
                 "value":true
                }]
        }, 
        {
         "id":215,
         "properties":[
                {
                 "name":"uninteractable",
                 "type":"bool",
                 "value":true
                }]
        }, 
        {
         "id":216,
         "properties":[
                {
                 "name":"brokenID",
                 "type":"int",
                 "value":316
                }, 
                {
                 "name":"destructibleID",
                 "type":"string",
                 "value":"tvSmash"
                }, 
                {
                 "name":"uninteractable",
                 "type":"bool",
                 "value":true
                }]
        }, 
        {
         "id":218,
         "properties":[
                {
                 "name":"brokenID",
                 "type":"int",
                 "value":318
                }, 
                {
                 "name":"destructibleID",
                 "type":"string",
                 "value":"tvSmashBrown"
                }, 
                {
                 "name":"uninteractable",
                 "type":"bool",
                 "value":true
                }]
        }, 
        {
         "id":220,
         "properties":[
                {
                 "name":"brokenID",
                 "type":"int",
                 "value":320
                }, 
                {
                 "name":"destructibleID",
                 "type":"string",
                 "value":"tvSmashYellow"
                }, 
                {
                 "name":"uninteractable",
                 "type":"bool",
                 "value":true
                }]
        }, 
        {
         "id":250,
         "properties":[
                {
                 "name":"brokenID",
                 "type":"int",
                 "value":350
                }, 
                {
                 "name":"destructibleID",
                 "type":"string",
                 "value":"bedBlue2"
                }, 
                {
                 "name":"destructibleNoise",
                 "type":"string",
                 "value":"cloth"
                }, 
                {
                 "name":"indicatorXOffset",
                 "type":"int",
                 "value":14
                }, 
                {
                 "name":"indicatorYOffset",
                 "type":"int",
                 "value":-15
                }]
        }, 
        {
         "id":259,
         "properties":[
                {
                 "name":"brokenID",
                 "type":"int",
                 "value":309
                }, 
                {
                 "name":"destructibleID",
                 "type":"string",
                 "value":"couchBlack1"
                }, 
                {
                 "name":"destructibleNoise",
                 "type":"string",
                 "value":"cloth"
                }, 
                {
                 "name":"indicatorXOffset",
                 "type":"int",
                 "value":14
                }, 
                {
                 "name":"indicatorYOffset",
                 "type":"int",
                 "value":-12
                }]
        }, 
        {
         "id":260,
         "properties":[
                {
                 "name":"brokenID",
                 "type":"int",
                 "value":310
                }, 
                {
                 "name":"destructibleID",
                 "type":"string",
                 "value":"couchBlack1"
                }, 
                {
                 "name":"destructibleNoise",
                 "type":"string",
                 "value":"cloth"
                }]
        }, 
        {
         "id":261,
         "properties":[
                {
                 "name":"brokenID",
                 "type":"int",
                 "value":312
                }, 
                {
                 "name":"destructibleID",
                 "type":"string",
                 "value":"fridge1"
                }, 
                {
                 "name":"indicatorXOffset",
                 "type":"int",
                 "value":8
                }, 
                {
                 "name":"indicatorYOffset",
                 "type":"int",
                 "value":-13
                }]
        }, 
        {
         "id":262,
         "properties":[
                {
                 "name":"brokenID",
                 "type":"int",
                 "value":262
                }, 
                {
                 "name":"destructibleID",
                 "type":"string",
                 "value":"fridge1"
                }]
        }, 
        {
         "id":263,
         "properties":[
                {
                 "name":"uninteractable",
                 "type":"bool",
                 "value":true
                }]
        }, 
        {
         "id":264,
         "properties":[
                {
                 "name":"uninteractable",
                 "type":"bool",
                 "value":true
                }]
        }, 
        {
         "id":265,
         "properties":[
                {
                 "name":"brokenID",
                 "type":"int",
                 "value":365
                }, 
                {
                 "name":"destructibleID",
                 "type":"string",
                 "value":"tvSmash"
                }, 
                {
                 "name":"destructibleNoise",
                 "type":"string",
                 "value":"electronic"
                }, 
                {
                 "name":"indicatorXOffset",
                 "type":"int",
                 "value":16
                }, 
                {
                 "name":"indicatorYOffset",
                 "type":"int",
                 "value":-16
                }]
        }, 
        {
         "id":266,
         "properties":[
                {
                 "name":"brokenID",
                 "type":"int",
                 "value":366
                }, 
                {
                 "name":"destructibleID",
                 "type":"string",
                 "value":"tvSmash"
                }, 
                {
                 "name":"destructibleNoise",
                 "type":"string",
                 "value":"electronic"
                }]
        }, 
        {
         "id":267,
         "properties":[
                {
                 "name":"brokenID",
                 "type":"int",
                 "value":367
                }, 
                {
                 "name":"destructibleID",
                 "type":"string",
                 "value":"tvSmashBrown"
                }, 
                {
                 "name":"destructibleNoise",
                 "type":"string",
                 "value":"electronic"
                }, 
                {
                 "name":"indicatorXOffset",
                 "type":"int",
                 "value":16
                }, 
                {
                 "name":"indicatorYOffset",
                 "type":"int",
                 "value":-16
                }]
        }, 
        {
         "id":268,
         "properties":[
                {
                 "name":"brokenID",
                 "type":"int",
                 "value":368
                }, 
                {
                 "name":"destructibleID",
                 "type":"string",
                 "value":"tvSmashBrown"
                }, 
                {
                 "name":"destructibleNoise",
                 "type":"string",
                 "value":"electronic"
                }]
        }, 
        {
         "id":269,
         "properties":[
                {
                 "name":"brokenID",
                 "type":"int",
                 "value":369
                }, 
                {
                 "name":"destructibleID",
                 "type":"string",
                 "value":"tvSmashYellow"
                }, 
                {
                 "name":"destructibleNoise",
                 "type":"string",
                 "value":"electronic"
                }, 
                {
                 "name":"indicatorXOffset",
                 "type":"int",
                 "value":16
                }, 
                {
                 "name":"indicatorYOffset",
                 "type":"int",
                 "value":-16
                }]
        }, 
        {
         "id":270,
         "properties":[
                {
                 "name":"brokenID",
                 "type":"int",
                 "value":370
                }, 
                {
                 "name":"destructibleID",
                 "type":"string",
                 "value":"tvSmashYellow"
                }, 
                {
                 "name":"destructibleNoise",
                 "type":"string",
                 "value":"electronic"
                }]
        }, 
        {
         "id":301,
         "properties":[
                {
                 "name":"brokenID",
                 "type":"int",
                 "value":401
                }, 
                {
                 "name":"destructibleID",
                 "type":"string",
                 "value":"bedYellow"
                }, 
                {
                 "name":"destructibleNoise",
                 "type":"string",
                 "value":"cloth"
                }]
        }, 
        {
         "id":302,
         "properties":[
                {
                 "name":"brokenID",
                 "type":"int",
                 "value":402
                }, 
                {
                 "name":"destructibleID",
                 "type":"string",
                 "value":"bedYellow"
                }, 
                {
                 "name":"destructibleNoise",
                 "type":"string",
                 "value":"cloth"
                }]
        }, 
        {
         "id":303,
         "properties":[
                {
                 "name":"brokenID",
                 "type":"int",
                 "value":353
                }, 
                {
                 "name":"destructibleID",
                 "type":"string",
                 "value":"chairRed1"
                }, 
                {
                 "name":"destructibleNoise",
                 "type":"string",
                 "value":"cloth"
                }, 
                {
                 "name":"indicatorXOffset",
                 "type":"int",
                 "value":8
                }, 
                {
                 "name":"indicatorYOffset",
                 "type":"int",
                 "value":-13
                }]
        }, 
        {
         "id":304,
         "properties":[
                {
                 "name":"brokenID",
                 "type":"int",
                 "value":353
                }, 
                {
                 "name":"destructibleID",
                 "type":"string",
                 "value":"chairRed2"
                }, 
                {
                 "name":"destructibleNoise",
                 "type":"string",
                 "value":"cloth"
                }, 
                {
                 "name":"indicatorXOffset",
                 "type":"int",
                 "value":8
                }, 
                {
                 "name":"indicatorYOffset",
                 "type":"int",
                 "value":-13
                }]
        }, 
        {
         "id":305,
         "properties":[
                {
                 "name":"brokenID",
                 "type":"int",
                 "value":354
                }, 
                {
                 "name":"destructibleID",
                 "type":"string",
                 "value":"chairBlue1"
                }, 
                {
                 "name":"destructibleNoise",
                 "type":"string",
                 "value":"cloth"
                }, 
                {
                 "name":"indicatorXOffset",
                 "type":"int",
                 "value":8
                }, 
                {
                 "name":"indicatorYOffset",
                 "type":"int",
                 "value":-13
                }]
        }, 
        {
         "id":306,
         "properties":[
                {
                 "name":"brokenID",
                 "type":"int",
                 "value":356
                }, 
                {
                 "name":"destructibleID",
                 "type":"string",
                 "value":"chairBlue2"
                }, 
                {
                 "name":"destructibleNoise",
                 "type":"string",
                 "value":"cloth"
                }, 
                {
                 "name":"indicatorXOffset",
                 "type":"int",
                 "value":8
                }, 
                {
                 "name":"indicatorYOffset",
                 "type":"int",
                 "value":-13
                }]
        }, 
        {
         "id":307,
         "properties":[
                {
                 "name":"brokenID",
                 "type":"int",
                 "value":357
                }, 
                {
                 "name":"destructibleID",
                 "type":"string",
                 "value":"chairYellow1"
                }, 
                {
                 "name":"destructibleNoise",
                 "type":"string",
                 "value":"cloth"
                }, 
                {
                 "name":"indicatorXOffset",
                 "type":"int",
                 "value":8
                }, 
                {
                 "name":"indicatorYOffset",
                 "type":"int",
                 "value":-13
                }]
        }, 
        {
         "id":308,
         "properties":[
                {
                 "name":"brokenID",
                 "type":"int",
                 "value":357
                }, 
                {
                 "name":"destructibleID",
                 "type":"string",
                 "value":"chairYellow2"
                }, 
                {
                 "name":"destructibleNoise",
                 "type":"string",
                 "value":"cloth"
                }, 
                {
                 "name":"indicatorXOffset",
                 "type":"int",
                 "value":8
                }, 
                {
                 "name":"indicatorYOffset",
                 "type":"int",
                 "value":-13
                }]
        }, 
        {
         "id":313,
         "properties":[
                {
                 "name":"brokenID",
                 "type":"int",
                 "value":313
                }, 
                {
                 "name":"destructibleID",
                 "type":"string",
                 "value":"fridgeWide1"
                }, 
                {
                 "name":"destructibleNoise",
                 "type":"string",
                 "value":"electronic"
                }, 
                {
                 "name":"indicatorXOffset",
                 "type":"int",
                 "value":14
                }, 
                {
                 "name":"indicatorYOffset",
                 "type":"int",
                 "value":-10
                }]
        }, 
        {
         "id":314,
         "properties":[
                {
                 "name":"brokenID",
                 "type":"int",
                 "value":364
                }, 
                {
                 "name":"destructibleID",
                 "type":"string",
                 "value":"fridgeWide1"
                }, 
                {
                 "name":"destructibleNoise",
                 "type":"string",
                 "value":"electronic"
                }]
        }, 
        {
         "id":351,
         "properties":[
                {
                 "name":"brokenID",
                 "type":"int",
                 "value":451
                }, 
                {
                 "name":"destructibleID",
                 "type":"string",
                 "value":"bedYellow"
                }, 
                {
                 "name":"destructibleNoise",
                 "type":"string",
                 "value":"cloth"
                }, 
                {
                 "name":"indicatorXOffset",
                 "type":"int",
                 "value":14
                }, 
                {
                 "name":"indicatorYOffset",
                 "type":"int",
                 "value":-15
                }]
        }, 
        {
         "id":352,
         "properties":[
                {
                 "name":"brokenID",
                 "type":"int",
                 "value":452
                }, 
                {
                 "name":"destructibleID",
                 "type":"string",
                 "value":"bedYellow"
                }, 
                {
                 "name":"destructibleNoise",
                 "type":"string",
                 "value":"cloth"
                }]
        }, 
        {
         "id":355,
         "properties":[
                {
                 "name":"brokenID",
                 "type":"int",
                 "value":354
                }, 
                {
                 "name":"destructibleID",
                 "type":"string",
                 "value":"chairBlue3"
                }, 
                {
                 "name":"destructibleNoise",
                 "type":"string",
                 "value":"cloth"
                }, 
                {
                 "name":"indicatorXOffset",
                 "type":"int",
                 "value":8
                }, 
                {
                 "name":"indicatorYOffset",
                 "type":"int",
                 "value":-13
                }]
        }, 
        {
         "id":401,
         "properties":[
                {
                 "name":"destructibleNoise",
                 "type":"string",
                 "value":"cloth"
                }]
        }, 
        {
         "id":402,
         "properties":[
                {
                 "name":"destructibleNoise",
                 "type":"string",
                 "value":"cloth"
                }]
        }, 
        {
         "id":403,
         "properties":[
                {
                 "name":"destructibleNoise",
                 "type":"string",
                 "value":"cloth"
                }]
        }, 
        {
         "id":453,
         "properties":[
                {
                 "name":"destructibleNoise",
                 "type":"string",
                 "value":"cloth"
                }]
        }, 
        {
         "id":500,
         "properties":[
                {
                 "name":"brokenID",
                 "type":"int",
                 "value":550
                }, 
                {
                 "name":"destructibleID",
                 "type":"string",
                 "value":"floorClothes1"
                }, 
                {
                 "name":"destructibleNoise",
                 "type":"string",
                 "value":"cloth"
                }, 
                {
                 "name":"indicatorXOffset",
                 "type":"int",
                 "value":8
                }, 
                {
                 "name":"indicatorYOffset",
                 "type":"int",
                 "value":-5
                }]
        }, 
        {
         "id":501,
         "properties":[
                {
                 "name":"brokenID",
                 "type":"int",
                 "value":550
                }, 
                {
                 "name":"destructibleID",
                 "type":"string",
                 "value":"floorClothes2"
                }, 
                {
                 "name":"destructibleNoise",
                 "type":"string",
                 "value":"cloth"
                }, 
                {
                 "name":"indicatorXOffset",
                 "type":"int",
                 "value":8
                }, 
                {
                 "name":"indicatorYOffset",
                 "type":"int",
                 "value":-5
                }]
        }, 
        {
         "id":502,
         "properties":[
                {
                 "name":"brokenID",
                 "type":"int",
                 "value":550
                }, 
                {
                 "name":"destructibleID",
                 "type":"string",
                 "value":"floorClothes3"
                }, 
                {
                 "name":"destructibleNoise",
                 "type":"string",
                 "value":"cloth"
                }, 
                {
                 "name":"indicatorXOffset",
                 "type":"int",
                 "value":8
                }, 
                {
                 "name":"indicatorYOffset",
                 "type":"int",
                 "value":-5
                }]
        }, 
        {
         "id":503,
         "properties":[
                {
                 "name":"brokenID",
                 "type":"int",
                 "value":553
                }, 
                {
                 "name":"destructibleID",
                 "type":"string",
                 "value":"post1"
                }, 
                {
                 "name":"destructibleNoise",
                 "type":"string",
                 "value":"wood"
                }, 
                {
                 "name":"indicatorXOffset",
                 "type":"int",
                 "value":8
                }, 
                {
                 "name":"indicatorYOffset",
                 "type":"int",
                 "value":-9
                }]
        }, 
        {
         "id":504,
         "properties":[
                {
                 "name":"brokenID",
                 "type":"int",
                 "value":553
                }, 
                {
                 "name":"destructibleID",
                 "type":"string",
                 "value":"post2"
                }, 
                {
                 "name":"destructibleNoise",
                 "type":"string",
                 "value":"wood"
                }, 
                {
                 "name":"indicatorXOffset",
                 "type":"int",
                 "value":8
                }, 
                {
                 "name":"indicatorYOffset",
                 "type":"int",
                 "value":-9
                }]
        }, 
        {
         "id":505,
         "properties":[
                {
                 "name":"brokenID",
                 "type":"int",
                 "value":553
                }, 
                {
                 "name":"destructibleID",
                 "type":"string",
                 "value":"post3"
                }, 
                {
                 "name":"destructibleNoise",
                 "type":"string",
                 "value":"wood"
                }, 
                {
                 "name":"indicatorXOffset",
                 "type":"int",
                 "value":8
                }, 
                {
                 "name":"indicatorYOffset",
                 "type":"int",
                 "value":-9
                }]
        }, 
        {
         "id":506,
         "properties":[
                {
                 "name":"brokenID",
                 "type":"int",
                 "value":555
                }, 
                {
                 "name":"destructibleID",
                 "type":"string",
                 "value":"hamper1"
                }, 
                {
                 "name":"destructibleNoise",
                 "type":"string",
                 "value":"container"
                }, 
                {
                 "name":"indicatorXOffset",
                 "type":"int",
                 "value":8
                }, 
                {
                 "name":"indicatorYOffset",
                 "type":"int",
                 "value":-8
                }]
        }, 
        {
         "id":507,
         "properties":[
                {
                 "name":"brokenID",
                 "type":"int",
                 "value":558
                }, 
                {
                 "name":"destructibleID",
                 "type":"string",
                 "value":"bigTrash1"
                }, 
                {
                 "name":"destructibleNoise",
                 "type":"string",
                 "value":"container"
                }, 
                {
                 "name":"indicatorXOffset",
                 "type":"int",
                 "value":8
                }, 
                {
                 "name":"indicatorYOffset",
                 "type":"int",
                 "value":-11
                }]
        }, 
        {
         "id":509,
         "properties":[
                {
                 "name":"brokenID",
                 "type":"int",
                 "value":508
                }, 
                {
                 "name":"destructibleID",
                 "type":"string",
                 "value":"trash1"
                }, 
                {
                 "name":"destructibleNoise",
                 "type":"string",
                 "value":"container"
                }, 
                {
                 "name":"indicatorXOffset",
                 "type":"int",
                 "value":8
                }, 
                {
                 "name":"indicatorYOffset",
                 "type":"int",
                 "value":-6
                }]
        }, 
        {
         "id":510,
         "properties":[
                {
                 "name":"brokenID",
                 "type":"int",
                 "value":508
                }, 
                {
                 "name":"destructibleID",
                 "type":"string",
                 "value":"trash2"
                }, 
                {
                 "name":"destructibleNoise",
                 "type":"string",
                 "value":"container"
                }, 
                {
                 "name":"indicatorXOffset",
                 "type":"int",
                 "value":8
                }, 
                {
                 "name":"indicatorYOffset",
                 "type":"int",
                 "value":-6
                }]
        }, 
        {
         "id":511,
         "properties":[
                {
                 "name":"brokenID",
                 "type":"int",
                 "value":513
                }, 
                {
                 "name":"destructibleID",
                 "type":"string",
                 "value":"chairKitchen1"
                }, 
                {
                 "name":"destructibleNoise",
                 "type":"string",
                 "value":"wood"
                }, 
                {
                 "name":"indicatorXOffset",
                 "type":"int",
                 "value":6
                }, 
                {
                 "name":"indicatorYOffset",
                 "type":"int",
                 "value":-10
                }]
        }, 
        {
         "id":512,
         "properties":[
                {
                 "name":"brokenID",
                 "type":"int",
                 "value":513
                }, 
                {
                 "name":"destructibleID",
                 "type":"string",
                 "value":"chairKitchen2"
                }, 
                {
                 "name":"destructibleNoise",
                 "type":"string",
                 "value":"wood"
                }, 
                {
                 "name":"indicatorXOffset",
                 "type":"int",
                 "value":6
                }, 
                {
                 "name":"indicatorYOffset",
                 "type":"int",
                 "value":-10
                }]
        }, 
        {
         "id":551,
         "properties":[
                {
                 "name":"brokenID",
                 "type":"int",
                 "value":550
                }, 
                {
                 "name":"destructibleID",
                 "type":"string",
                 "value":"floorClothes4"
                }, 
                {
                 "name":"destructibleNoise",
                 "type":"string",
                 "value":"cloth"
                }, 
                {
                 "name":"indicatorXOffset",
                 "type":"int",
                 "value":8
                }, 
                {
                 "name":"indicatorYOffset",
                 "type":"int",
                 "value":-5
                }]
        }, 
        {
         "id":552,
         "properties":[
                {
                 "name":"brokenID",
                 "type":"int",
                 "value":550
                }, 
                {
                 "name":"destructibleID",
                 "type":"string",
                 "value":"floorClothes5"
                }, 
                {
                 "name":"destructibleNoise",
                 "type":"string",
                 "value":"cloth"
                }, 
                {
                 "name":"indicatorXOffset",
                 "type":"int",
                 "value":8
                }, 
                {
                 "name":"indicatorYOffset",
                 "type":"int",
                 "value":-5
                }]
        }, 
        {
         "id":554,
         "properties":[
                {
                 "name":"brokenID",
                 "type":"int",
                 "value":553
                }, 
                {
                 "name":"destructibleID",
                 "type":"string",
                 "value":"post4"
                }, 
                {
                 "name":"destructibleNoise",
                 "type":"string",
                 "value":"wood"
                }, 
                {
                 "name":"indicatorXOffset",
                 "type":"int",
                 "value":8
                }, 
                {
                 "name":"indicatorYOffset",
                 "type":"int",
                 "value":-9
                }]
        }, 
        {
         "id":556,
         "properties":[
                {
                 "name":"brokenID",
                 "type":"int",
                 "value":555
                }, 
                {
                 "name":"destructibleID",
                 "type":"string",
                 "value":"hamper2"
                }, 
                {
                 "name":"destructibleNoise",
                 "type":"string",
                 "value":"container"
                }, 
                {
                 "name":"indicatorXOffset",
                 "type":"int",
                 "value":8
                }, 
                {
                 "name":"indicatorYOffset",
                 "type":"int",
                 "value":-8
                }]
        }, 
        {
         "id":557,
         "properties":[
                {
                 "name":"brokenID",
                 "type":"int",
                 "value":558
                }, 
                {
                 "name":"destructibleID",
                 "type":"string",
                 "value":"bigTrash2"
                }, 
                {
                 "name":"destructibleNoise",
                 "type":"string",
                 "value":"container"
                }, 
                {
                 "name":"indicatorXOffset",
                 "type":"int",
                 "value":8
                }, 
                {
                 "name":"indicatorYOffset",
                 "type":"int",
                 "value":-11
                }]
        }, 
        {
         "id":559,
         "properties":[
                {
                 "name":"brokenID",
                 "type":"int",
                 "value":508
                }, 
                {
                 "name":"destructibleID",
                 "type":"string",
                 "value":"trash3"
                }, 
                {
                 "name":"destructibleNoise",
                 "type":"string",
                 "value":"container"
                }, 
                {
                 "name":"indicatorXOffset",
                 "type":"int",
                 "value":8
                }, 
                {
                 "name":"indicatorYOffset",
                 "type":"int",
                 "value":-6
                }]
        }, 
        {
         "id":560,
         "properties":[
                {
                 "name":"brokenID",
                 "type":"int",
                 "value":508
                }, 
                {
                 "name":"destructibleID",
                 "type":"string",
                 "value":"trash4"
                }, 
                {
                 "name":"destructibleNoise",
                 "type":"string",
                 "value":"container"
                }, 
                {
                 "name":"indicatorXOffset",
                 "type":"int",
                 "value":8
                }, 
                {
                 "name":"indicatorYOffset",
                 "type":"int",
                 "value":-6
                }]
        }, 
        {
         "id":561,
         "properties":[
                {
                 "name":"brokenID",
                 "type":"int",
                 "value":563
                }, 
                {
                 "name":"destructibleID",
                 "type":"string",
                 "value":"chairKitchen3"
                }, 
                {
                 "name":"destructibleNoise",
                 "type":"string",
                 "value":"wood"
                }, 
                {
                 "name":"indicatorXOffset",
                 "type":"int",
                 "value":8
                }, 
                {
                 "name":"indicatorYOffset",
                 "type":"int",
                 "value":-10
                }]
        }, 
        {
         "id":562,
         "properties":[
                {
                 "name":"brokenID",
                 "type":"int",
                 "value":563
                }, 
                {
                 "name":"destructibleID",
                 "type":"string",
                 "value":"chairKitchen4"
                }, 
                {
                 "name":"destructibleNoise",
                 "type":"string",
                 "value":"wood"
                }, 
                {
                 "name":"indicatorXOffset",
                 "type":"int",
                 "value":8
                }, 
                {
                 "name":"indicatorYOffset",
                 "type":"int",
                 "value":-10
                }]
        }, 
        {
         "id":600,
         "properties":[
                {
                 "name":"brokenID",
                 "type":"int",
                 "value":650
                }, 
                {
                 "name":"destructibleID",
                 "type":"string",
                 "value":"hamperDark1"
                }, 
                {
                 "name":"destructibleNoise",
                 "type":"string",
                 "value":"container"
                }, 
                {
                 "name":"indicatorXOffset",
                 "type":"int",
                 "value":8
                }, 
                {
                 "name":"indicatorYOffset",
                 "type":"int",
                 "value":-8
                }]
        }, 
        {
         "id":601,
         "properties":[
                {
                 "name":"brokenID",
                 "type":"int",
                 "value":650
                }, 
                {
                 "name":"destructibleID",
                 "type":"string",
                 "value":"hamperDark2"
                }, 
                {
                 "name":"destructibleNoise",
                 "type":"string",
                 "value":"container"
                }, 
                {
                 "name":"indicatorXOffset",
                 "type":"int",
                 "value":8
                }, 
                {
                 "name":"indicatorYOffset",
                 "type":"int",
                 "value":-8
                }]
        }, 
        {
         "id":602,
         "properties":[
                {
                 "name":"brokenID",
                 "type":"int",
                 "value":550
                }, 
                {
                 "name":"destructibleID",
                 "type":"string",
                 "value":"floorClothes6"
                }, 
                {
                 "name":"destructibleNoise",
                 "type":"string",
                 "value":"cloth"
                }, 
                {
                 "name":"indicatorXOffset",
                 "type":"int",
                 "value":8
                }, 
                {
                 "name":"indicatorYOffset",
                 "type":"int",
                 "value":-5
                }]
        }, 
        {
         "id":603,
         "properties":[
                {
                 "name":"brokenID",
                 "type":"int",
                 "value":550
                }, 
                {
                 "name":"destructibleID",
                 "type":"string",
                 "value":"floorClothes8"
                }, 
                {
                 "name":"destructibleNoise",
                 "type":"string",
                 "value":"cloth"
                }, 
                {
                 "name":"indicatorXOffset",
                 "type":"int",
                 "value":8
                }, 
                {
                 "name":"indicatorYOffset",
                 "type":"int",
                 "value":-5
                }]
        }, 
        {
         "id":604,
         "properties":[
                {
                 "name":"brokenID",
                 "type":"int",
                 "value":654
                }, 
                {
                 "name":"destructibleID",
                 "type":"string",
                 "value":"postRed"
                }, 
                {
                 "name":"destructibleNoise",
                 "type":"string",
                 "value":"wood"
                }, 
                {
                 "name":"indicatorXOffset",
                 "type":"int",
                 "value":8
                }, 
                {
                 "name":"indicatorYOffset",
                 "type":"int",
                 "value":-9
                }]
        }, 
        {
         "id":605,
         "properties":[
                {
                 "name":"brokenID",
                 "type":"int",
                 "value":655
                }, 
                {
                 "name":"destructibleID",
                 "type":"string",
                 "value":"postOrange"
                }, 
                {
                 "name":"destructibleNoise",
                 "type":"string",
                 "value":"wood"
                }, 
                {
                 "name":"indicatorXOffset",
                 "type":"int",
                 "value":8
                }, 
                {
                 "name":"indicatorYOffset",
                 "type":"int",
                 "value":-9
                }]
        }, 
        {
         "id":606,
         "properties":[
                {
                 "name":"brokenID",
                 "type":"int",
                 "value":656
                }, 
                {
                 "name":"destructibleID",
                 "type":"string",
                 "value":"postYellow"
                }, 
                {
                 "name":"destructibleNoise",
                 "type":"string",
                 "value":"wood"
                }, 
                {
                 "name":"indicatorXOffset",
                 "type":"int",
                 "value":8
                }, 
                {
                 "name":"indicatorYOffset",
                 "type":"int",
                 "value":-9
                }]
        }, 
        {
         "id":607,
         "properties":[
                {
                 "name":"brokenID",
                 "type":"int",
                 "value":657
                }, 
                {
                 "name":"destructibleID",
                 "type":"string",
                 "value":"postGreen"
                }, 
                {
                 "name":"destructibleNoise",
                 "type":"string",
                 "value":"wood"
                }, 
                {
                 "name":"indicatorXOffset",
                 "type":"int",
                 "value":8
                }, 
                {
                 "name":"indicatorYOffset",
                 "type":"int",
                 "value":-9
                }]
        }, 
        {
         "id":608,
         "properties":[
                {
                 "name":"brokenID",
                 "type":"int",
                 "value":658
                }, 
                {
                 "name":"destructibleID",
                 "type":"string",
                 "value":"postBlue"
                }, 
                {
                 "name":"destructibleNoise",
                 "type":"string",
                 "value":"wood"
                }, 
                {
                 "name":"indicatorXOffset",
                 "type":"int",
                 "value":8
                }, 
                {
                 "name":"indicatorYOffset",
                 "type":"int",
                 "value":-9
                }]
        }, 
        {
         "id":609,
         "properties":[
                {
                 "name":"brokenID",
                 "type":"int",
                 "value":659
                }, 
                {
                 "name":"destructibleID",
                 "type":"string",
                 "value":"postIndigo"
                }, 
                {
                 "name":"destructibleNoise",
                 "type":"string",
                 "value":"wood"
                }, 
                {
                 "name":"indicatorXOffset",
                 "type":"int",
                 "value":8
                }, 
                {
                 "name":"indicatorYOffset",
                 "type":"int",
                 "value":-9
                }]
        }, 
        {
         "id":610,
         "properties":[
                {
                 "name":"brokenID",
                 "type":"int",
                 "value":660
                }, 
                {
                 "name":"destructibleID",
                 "type":"string",
                 "value":"postViolet"
                }, 
                {
                 "name":"destructibleNoise",
                 "type":"string",
                 "value":"wood"
                }, 
                {
                 "name":"indicatorXOffset",
                 "type":"int",
                 "value":8
                }, 
                {
                 "name":"indicatorYOffset",
                 "type":"int",
                 "value":-9
                }]
        }, 
        {
         "id":611,
         "properties":[
                {
                 "name":"brokenID",
                 "type":"int",
                 "value":613
                }, 
                {
                 "name":"destructibleID",
                 "type":"string",
                 "value":"chairKitchenAlt1"
                }, 
                {
                 "name":"destructibleNoise",
                 "type":"string",
                 "value":"wood"
                }, 
                {
                 "name":"indicatorXOffset",
                 "type":"int",
                 "value":6
                }, 
                {
                 "name":"indicatorYOffset",
                 "type":"int",
                 "value":-10
                }]
        }, 
        {
         "id":612,
         "properties":[
                {
                 "name":"brokenID",
                 "type":"int",
                 "value":613
                }, 
                {
                 "name":"destructibleID",
                 "type":"string",
                 "value":"chairKitchenAlt2"
                }, 
                {
                 "name":"destructibleNoise",
                 "type":"string",
                 "value":"wood"
                }, 
                {
                 "name":"indicatorXOffset",
                 "type":"int",
                 "value":6
                }, 
                {
                 "name":"indicatorYOffset",
                 "type":"int",
                 "value":-10
                }]
        }, 
        {
         "id":651,
         "properties":[
                {
                 "name":"brokenID",
                 "type":"int",
                 "value":650
                }, 
                {
                 "name":"destructibleID",
                 "type":"string",
                 "value":"hamperDark3"
                }, 
                {
                 "name":"destructibleNoise",
                 "type":"string",
                 "value":"container"
                }, 
                {
                 "name":"indicatorXOffset",
                 "type":"int",
                 "value":8
                }, 
                {
                 "name":"indicatorYOffset",
                 "type":"int",
                 "value":-8
                }]
        }, 
        {
         "id":652,
         "properties":[
                {
                 "name":"brokenID",
                 "type":"int",
                 "value":550
                }, 
                {
                 "name":"destructibleID",
                 "type":"string",
                 "value":"floorClothes7"
                }, 
                {
                 "name":"destructibleNoise",
                 "type":"string",
                 "value":"cloth"
                }, 
                {
                 "name":"indicatorXOffset",
                 "type":"int",
                 "value":8
                }, 
                {
                 "name":"indicatorYOffset",
                 "type":"int",
                 "value":-5
                }]
        }, 
        {
         "id":653,
         "properties":[
                {
                 "name":"brokenID",
                 "type":"int",
                 "value":550
                }, 
                {
                 "name":"destructibleID",
                 "type":"string",
                 "value":"floorClothes9"
                }, 
                {
                 "name":"destructibleNoise",
                 "type":"string",
                 "value":"cloth"
                }, 
                {
                 "name":"indicatorXOffset",
                 "type":"int",
                 "value":8
                }, 
                {
                 "name":"indicatorYOffset",
                 "type":"int",
                 "value":-5
                }]
        }, 
        {
         "id":661,
         "properties":[
                {
                 "name":"brokenID",
                 "type":"int",
                 "value":663
                }, 
                {
                 "name":"destructibleID",
                 "type":"string",
                 "value":"chairKitchenAlt3"
                }, 
                {
                 "name":"destructibleNoise",
                 "type":"string",
                 "value":"wood"
                }, 
                {
                 "name":"indicatorXOffset",
                 "type":"int",
                 "value":8
                }, 
                {
                 "name":"indicatorYOffset",
                 "type":"int",
                 "value":-10
                }]
        }, 
        {
         "id":662,
         "properties":[
                {
                 "name":"brokenID",
                 "type":"int",
                 "value":663
                }, 
                {
                 "name":"destructibleID",
                 "type":"string",
                 "value":"chairKitchenAlt4"
                }, 
                {
                 "name":"destructibleNoise",
                 "type":"string",
                 "value":"wood"
                }, 
                {
                 "name":"indicatorXOffset",
                 "type":"int",
                 "value":8
                }, 
                {
                 "name":"indicatorYOffset",
                 "type":"int",
                 "value":-10
                }]
        }],
 "tilewidth":24,
 "type":"tileset",
 "version":"1.9"
}